{"A1": [512.0, 717.23531286], "A2": [689.73905332, 614.61765643], "A3": [689.73905332, 409.38234357], "A4": [512.0, 306.76468714], "A5": [334.26094668, 409.38234357], "A6": [334.26094668, 614.61765643], "B1": [512.0, 920.56620949], "B2": [865.82878077, 716.28318228], "B3": [865.82878077, 307.71697279], "B4": [512.0, 103.43379051], "B5": [158.17121923, 307.71681772], "B6": [158.17121923, 716.28318228], "C1": [689.23941737, 818.98767798], "C2": [866.47883474, 512.0], "C3": [689.23941737, 205.01232202], "C4": [334.76058263, 205.01232202], "C5": [157.52116526, 512.0], "C6": [334.76058263, 818.98767798]}